Column Name,Description,Unit,Type,Note
FIPS,"FIPS stands for Federal Information Processing Standards. FIPS codes are numbers that uniquely identify geographic areas.  The number of digits in FIPS codes varies depending on the level of geography. County-level FIPS codes have five digits, of which the first two are the FIPS code of the state to which the county belongs. ",,STRING,
Name,Geographic Area Name,,STRING,
Period,The year in which is the data is from,,STRING,
Data Level,The geographic level on which the data exists.,,STRING,"1 = US
2 = State
3.1 = County
3.2 = County Subdivision
4 = Tract
5 = Blog Group"
BLTENV220001,% of housing stock built to modern building codes (IRC) (using NSI data),,DOUBLE,
BLTENV220002,% of housing units that are less than 15 years old (using NSI data),,DOUBLE,
BLTENV220003,% of housing units that are more than 30 years old (using NSI data),,DOUBLE,
BLTENV220004,Average year built of housing stock (using NSI data),,DOUBLE,
BLTENV220005,% of housing units that are less than 15 years old (using census data),,DOUBLE,
BLTENV220006,% of housing units that are more than 30 years old (using census data),,DOUBLE,
BLTENV220007,Average year built of housing stock (using census data),,DOUBLE,
BLTENV220008,% of housing stock built to modern building codes (IRC) (using census data),,DOUBLE,
BLTENV220009,% of housing units that are mobile homes,,DOUBLE,
BLTENV220010,% of housing units that are owner occupied ,,DOUBLE,
BLTENV220011,"% of Units available for rent (excluding seasonal, rec, occ, migrant & other vacant)",,DOUBLE,
BLTENV220017,US Census Households: without Telephone Service (1-Year Estimate),,DOUBLE,
BLTENV220018,US Census Households: without Telephone Service (5-Year Estimate),,DOUBLE,
BLTENV220022,US Census Housing Units: Mobile Home (1-Year Estimate),,DOUBLE,
BLTENV220023,US Census Housing Units: Mobile Home (5-Year Estimate),,DOUBLE,
BLTENV220029,US Census Housing Units: Vacant (1-Year Estimate),,DOUBLE,
BLTENV220030,US Census Housing Units: Vacant (5-Year Estimate),,DOUBLE,
ECNVIT510001,BLS Civilian Labor Force Unemployment Rate,Percent,DOUBLE,
ECNVIT510002,US Census Population: Unemployed (1-Year Estimate),,DOUBLE,
ECNVIT510003,US Census Population: Unemployed (5-Year Estimate),,DOUBLE,
ECNVIT530001,"US Census Households: Income over $200,000 (1-Year Estimate)",,DOUBLE,
ECNVIT530002,"US Census Households: Income over $200,000 (5-Year Estimate)",,DOUBLE,
ECNVIT530003,US Census Households: Poverty (1-Year Estimate),,DOUBLE,
ECNVIT530004,US Census Households: Poverty (5-Year Estimate),,DOUBLE,
ECNVIT530005,US Census Housing Units: Median Household Income (1-Year Estimate),Dollars,DOUBLE,
ECNVIT530006,US Census Housing Units: Median Household Income (5-Year Estimate),Dollars,DOUBLE,
ECNVIT530007,US Census Per Capita Income (1-Year Estimate),Dollars,DOUBLE,
ECNVIT530008,US Census Per Capita Income (5-Year Estimate),Dollars,DOUBLE,
INFRA110007,% of households with broadband internet service,,DOUBLE,
INFRA120001,SAIDI (System Average Interuption Duration Index) with MED (Major Event Days),,DOUBLE,
INFRA120002,SAIDI (System Average Interuption Duration Index) without MED (Major Event Days),,DOUBLE,
INFRA120003,SAIFI (System Average Interuption Frequency Index) with MED (Major Event Days),,DOUBLE,
INFRA120004,SAIFI (System Average Interuption Frequency Index) without MED (Major Event Days),,DOUBLE,
INFRA120005,% of housing units heated by electricity,,DOUBLE,
INFRA120006,% of housing units heated by fuel piped to site,,DOUBLE,
INFRA120007,Year-over-year increase in homes heated by solar,,DOUBLE,
INFRA120008,% of housing units heated by fuel trucked to site,,DOUBLE,
INFRA130002,NOAA Critical Facilities: Hospital Medical,Facilities,DOUBLE,
INFRA140003,Average AADT of bridges that are at least 50 years old and in poor condition,,DOUBLE,
INFRA140004,Average detour of bridges that are at least 50 years old and in poor condition,,DOUBLE,
INFRA140007,Mean travel time to work (mins),,DOUBLE,
INFRA150001,% served by ground water public water systems,,DOUBLE,
INFRA150002,% of population served by ground water Public Water Systems that are out of compliance,,DOUBLE,
INFRA150003,% of population served by ground water Priority Public Water Systems Returned to Compliance,,DOUBLE,
INFRA150004,% of population served by ground water Public Water Systems Identified as Priority Systems,,DOUBLE,
INFRA150005,% of population served by ground water Public Water Systems returned to compliance,,DOUBLE,
INFRA150006,% of population affected by ground water Public Water Systems with at least 1 violation,,DOUBLE,
INFRA150007,% served by surface water public water systems,,DOUBLE,
INFRA150008,% of population served by surface water Public Water Systems that are out of compliance,,DOUBLE,
INFRA150009,% of population served by surface water Priority Public Water Systems Returned to Compliance,,DOUBLE,
INFRA150010,% of population served by surface water Public Water Systems Identified as Priority Systems,,DOUBLE,
INFRA150011,% of population served by surface water Public Water Systems returned to compliance,,DOUBLE,
INFRA150012,% of population affected by surface water Public Water Systems with at least 1 violation,,DOUBLE,
INFRA150013,% of major facilities ,,DOUBLE,
INFRA150014,% of major facilities in significant noncompliance (SNC),,DOUBLE,
INFRA150015,% of major facilities with violations,,DOUBLE,
INFRA150016,% of non-major facilities,,DOUBLE,
INFRA150017,% of non-major facilities in Category I Noncompliance (SNC equivalent),,DOUBLE,
INFRA150018,% of non-major facilities with violations,,DOUBLE,
NATENV410002,NLCD: Percent of landcover that is Agricultural,Percent,DOUBLE,
NATENV410003,NLCD: Percent of landcover that is Developed,Percent,DOUBLE,
NATENV410004,NLCD: Percent of landcover that is Vegetated,Percent,DOUBLE,
NATENV410005,NLCD: Percent of landcover that is Wetland,Percent,DOUBLE,
SOCWB310003,US Census Households: with > 60 Year Old (1-Year Estimate),,DOUBLE,
SOCWB310004,US Census Households: with > 60 Year Old (5-Year Estimate),,DOUBLE,
SOCWB310005,US Census Households: no Vehicle Available (1-Year Estimate),,DOUBLE,
SOCWB310006,US Census Households: no Vehicle Available (5-Year Estimate),,DOUBLE,
SOCWB310007,US Census Housing Units: Median monthly costs of housing for all owner-occupied units (with mortgage) (1-Year Estimate),,DOUBLE,
SOCWB310008,US Census Housing Units: Median monthly costs of housing for all owner-occupied units (with mortgage) (5-Year Estimate),,DOUBLE,
SOCWB310009,US Census Housing Units: Median monthly costs of housing for all owner-occupied units (without mortgage) (1-Year Estimate),,DOUBLE,
SOCWB310010,US Census Housing Units: Median monthly costs of housing for all owner-occupied units (without mortgage) (5-Year Estimate),,DOUBLE,
SOCWB310011,US Census Housing Units: Median Rent (1-Year Estimate),,DOUBLE,
SOCWB310012,US Census Housing Units: Median Rent (5-Year Estimate),,DOUBLE,
SOCWB310015,US Census Population: Estimate,,DOUBLE,
SOCWB310017,US Census Population: 65 years and older,People,DOUBLE,
SOCWB310018,US Census Population: Under 18 Years (1-Year Estimate),,DOUBLE,
SOCWB310019,US Census Population: Under 18 Years (5-Year Estimate),,DOUBLE,
SOCWB320013,US Census Ethnicity: Hispanic or Latino,People,DOUBLE,
SOCWB320016,US Census Race: Asian,People,DOUBLE,
SOCWB320017,US Census Race: American Indian,People,DOUBLE,
SOCWB320018,US Census Race: Black,People,DOUBLE,
SOCWB320019,US Census Race: White,People,DOUBLE,
SOCWB330004,US Census Population: 25 years and older with batchelor's degree or higher (1-Year Estimate),,DOUBLE,
SOCWB330005,US Census Population: 25 years and older with batchelor's degree or higher (5-Year Estimate),,DOUBLE,
SOCWB330006,US Census Population: 25 years and older with GED or higher (1-Year Estimate),,DOUBLE,
SOCWB330007,US Census Population: 25 years and older with GED or higher (5-Year Estimate),,DOUBLE,
SOCWB330008,US Census Population: No High School Diploma/GED (1-Year Estimate),,DOUBLE,
SOCWB330009,US Census Population: No High School Diploma/GED (5-Year Estimate),,DOUBLE,
SOCWB330010,US Census Population: Individuals in Poverty (1-Year Estimate),,DOUBLE,
SOCWB330011,US Census Population: Individuals in Poverty (5-Year Estimate),,DOUBLE,
SOCWB330012,US Census Population: Under 18 in Poverty (1-Year Estimate),,DOUBLE,
SOCWB330013,US Census Population: Under 18 in Poverty (5-Year Estimate),,DOUBLE,
SOCWB330014,US Census School Enrollment: Grades K-12 (1-Year Estimate),,DOUBLE,
SOCWB330015,US Census School Enrollment: Grades K-12 (5-Year Estimate),,DOUBLE,
SOCWB330016,US Census School Enrollment: Public School Grades K-12 (1-Year Estimate),,DOUBLE,
SOCWB330017,US Census School Enrollment: Public School Grades K-12 (5-Year Estimate),,DOUBLE,
SOCWB350001,"Number of nursing home and assisted living facility beds per 10,000 people over 85 years old",,DOUBLE,
SOCWB350002,% of population within 60 minutes of Level 1 Trauma center by air or ground transportation,,DOUBLE,
SOCWB350003,% of population within 60 minutes of Level 3 Trauma center by air or ground transportation,,DOUBLE,
SOCWB350006,US Census Population: No Health Insurance (1-Year Estimate),,DOUBLE,
SOCWB350007,US Census Population: No Health Insurance (5-Year Estimate),,DOUBLE,
